,Model Name,MAE,MAPE,RMSE
0,XGBoost Regressor tuned,762.8873373081931,0.11512971491883575,1094.7461273017886
